concept,group,method,condition,n,clip_ci_high,clip_ci_low,clip_mean,clip_std,fid,fid_boot_mean,fid_ci_high,fid_ci_low,fid_projected,fid_std,fid_sub100,fid_sub100_std,kid,kid_boot_mean,kid_ci_high,kid_ci_low,kid_std,kid_sub100,kid_sub100_std
chamanto,artifact_object_clothing,dreambooth_lora,without_finetuning,1000,,,,,365.8381385310457,366.11357555921353,370.48601340513267,361.43443247815185,365.8381661166196,2.3293095707304685,370.4106536084811,7.1787958321328595,0.1594911904302343,0.15998431970083468,0.16517677912977258,0.15475159120458087,0.0026988580105335815,0.16081515753917,0.008789003688205116
chamanto,artifact_object_clothing,dreambooth_lora,with_finetuning,1000,,,,,204.53783932583343,204.85430514209554,208.36840304024307,201.48021745472593,204.53788730111467,1.7497276246420814,207.7010625321322,4.842000896870518,0.04645174192502788,0.046698776420879835,0.049366636724659185,0.044261178345100294,0.0012807982325273655,0.0470645329711545,0.0035410995133039755
chamanto,artifact_object_clothing,textual_inversion,with_baseline,960,20.550993603120247,20.143179040774704,20.353230291604994,3.2418847658336727,312.1341075876071,312.45432424239846,315.8419336986752,308.94905473829806,312.1341375028014,1.8193351990072997,315.39444754101225,5.24815628607765,0.11708045982113147,0.11749764883582858,0.12057190049380787,0.11438942897928979,0.0016132424744616772,0.11752653065020442,0.00473668699677304
chamanto,artifact_object_clothing,dreambooth_lora,checkpoint_500,100,,,,,315.6621516184045,318.0434559791844,332.81422658937163,304.2471706541354,315.66218796313655,7.854541507581005,,,0.1112874948878253,0.11552408162972748,0.1305497727386554,0.1018799356322064,0.007425707785621618,,
chamanto,artifact_object_clothing,dreambooth_lora,checkpoint_1000,100,,,,,260.37768003503083,263.05740029266764,275.38206584826486,252.2550749602305,260.37771996148876,6.005321512411887,,,0.08234582396868007,0.08592755305988228,0.09628749163762668,0.0766605296147836,0.005207811194620646,,
chamanto,artifact_object_clothing,dreambooth_lora,checkpoint_1500,100,,,,,246.29991464071065,248.7656802827351,262.7145969027164,235.85807154829152,246.29995641241203,6.497272640348713,,,0.07002140186216632,0.07329205084413302,0.08335791740714814,0.06374951145851368,0.005269048349312718,,
chamanto,artifact_object_clothing,dreambooth_lora,checkpoint_2000,100,,,,,237.21908078471267,239.79044311039706,251.59158540007078,228.2139842992608,237.21912818075964,6.005332277608353,,,0.071337339500543,0.07427679834343064,0.0878258853424258,0.0627268401369445,0.006478150725677785,,
chamanto,artifact_object_clothing,dreambooth_lora,checkpoint_2500,100,,,,,232.32101676403084,234.85014347591834,245.44771978704256,225.30739819910914,232.32106166373273,5.221306035615219,,,0.06747003526152096,0.07038872136322578,0.07885597105259415,0.06203662944791133,0.0043748504785749215,,
chaneques,folklore_being,dreambooth_lora,without_finetuning,1000,,,,,335.1858147862234,335.561678813514,338.76776962323555,332.5496399285192,335.1858464407704,1.5568792421856588,339.1513588283419,4.782282064858489,0.09740033533133774,0.09772357082346912,0.10020001086707861,0.09526427500879561,0.0012925234030061673,0.09762881677358493,0.0032420840835946985
chaneques,folklore_being,dreambooth_lora,with_finetuning,1000,,,,,266.9492507577293,267.25758565613256,269.576940078719,265.0201914102047,266.94931374781345,1.1587538609519221,270.8603343544217,3.833796832864758,0.0818898283612266,0.08213208139910512,0.08509475940121816,0.07926841353602304,0.0015601164958329538,0.08249934852259536,0.005441904112226821
chaneques,folklore_being,textual_inversion,with_baseline,804,22.108878028570718,21.752715789115253,21.93186798498998,2.5534575230899375,370.9145750976379,371.2288834327441,374.7712646843983,367.7686761890103,370.91461034800255,1.8342517280620683,374.87105625104493,4.877356649196982,0.1002659381245854,0.10070854901616662,0.10389852298957179,0.09763320929657585,0.0015532929527772783,0.10077645288015293,0.004055283067720804
chaneques,folklore_being,dreambooth_lora,checkpoint_500,100,,,,,299.7003952222297,302.260996330681,310.24752849374994,295.49076417592664,299.7004339398836,3.817570549978339,,,0.08341459403215312,0.08626854865757039,0.0931884074010565,0.08060098530557806,0.003247102919202281,,
chaneques,folklore_being,dreambooth_lora,checkpoint_1000,100,,,,,281.61392295077377,285.04356109628503,292.9548927064488,278.2616246810009,281.6139656357244,3.74565218522036,,,0.05695648112485241,0.05999894136806581,0.06629452930965044,0.05380694221313255,0.0031928636285075422,,
chaneques,folklore_being,dreambooth_lora,checkpoint_1500,100,,,,,281.17635875261675,284.28594580294816,291.42335231447794,277.270790980312,281.1764071416391,3.662418503647427,,,0.07984029761635547,0.08250282649741894,0.09059050477262001,0.0743110069375224,0.00422591948384961,,
chaneques,folklore_being,dreambooth_lora,checkpoint_2000,100,,,,,277.72030759941333,280.9955962491488,288.86257321071787,273.05401263560583,277.72035855130645,4.1642207690021245,,,0.06964412633716943,0.07270144461397561,0.08082462437500539,0.06523797204261414,0.0038657856565103245,,
chaneques,folklore_being,dreambooth_lora,checkpoint_2500,100,,,,,272.22550201734447,275.470553126774,282.56733812753623,269.3385551368566,272.22555722860216,3.5074402431667577,,,0.0854331919013891,0.08827884524586177,0.09870759784852341,0.07963273293324001,0.004714160788352953,,
cuscuz,food,dreambooth_lora,without_finetuning,1000,,,,,281.008559079977,281.25182122147163,285.3073467958386,277.34079469416935,281.0085870957711,2.0815317049555664,283.7503078733864,8.06641054904559,0.11916825893111715,0.1195695378258539,0.12436634190388937,0.11513649007176863,0.002395624879771184,0.11910854156170977,0.010090526280353104
cuscuz,food,dreambooth_lora,with_finetuning,1000,,,,,178.28099707639666,178.5059248354617,180.20019407343094,176.8572777165038,178.2810258756873,0.8509140359879326,181.34637138768696,2.4521623504730754,0.06436332126111743,0.06454623269693334,0.06618133102805547,0.06298092746292924,0.0008366795882348598,0.06471853136070814,0.0023975727096209798
cuscuz,food,textual_inversion,with_baseline,802,16.414291031431972,16.058999333298413,16.22884964407828,2.5714143330796677,366.6862267537308,366.9533434824401,371.3105053333143,362.9837264150816,366.686250068682,2.1284082292891076,368.656903425335,6.668145648246737,0.1835550816043634,0.18413018937536882,0.18829394534607116,0.1797973311670385,0.002222930838203593,0.18282764694596637,0.006569188360544256
cuscuz,food,dreambooth_lora,checkpoint_500,100,,,,,201.1915320939733,203.4271451726472,210.12763319054616,197.20809504388092,201.19156240183028,3.348221643536275,,,0.06815969219408746,0.07031791029172893,0.07664199055540705,0.06456912013150012,0.003046013111814153,,
cuscuz,food,dreambooth_lora,checkpoint_1000,100,,,,,195.89835492583802,197.95488611755383,203.17460307773686,193.17782024749923,195.8983862525688,2.5630470263150458,,,0.0749075472224594,0.07677066898165018,0.08325572143575252,0.07085907118872888,0.003191400941246652,,
cuscuz,food,dreambooth_lora,checkpoint_1500,100,,,,,189.36193332475588,191.74487068728607,196.49116311161518,187.5120999227677,189.36196416099307,2.338256392220373,,,0.06308400760419142,0.06520451397780466,0.07028465224078476,0.06025110954022709,0.002590664312672617,,
cuscuz,food,dreambooth_lora,checkpoint_2000,100,,,,,186.6152629196352,188.75977747948184,195.59412310298566,183.08400705318914,186.61529067828437,3.200594633608705,,,0.06617482427975618,0.06799102818224716,0.07226108664625117,0.063775164904916,0.002272379834292236,,
cuscuz,food,dreambooth_lora,checkpoint_2500,100,,,,,179.31668431451794,181.58002266169984,186.57515889518075,176.887804746385,179.3167124731449,2.4812564544941424,,,0.062178423353006274,0.06393267577472693,0.06883245388821255,0.05952123113825206,0.0023245850625728663,,
jian,artifact_object_clothing,dreambooth_lora,without_finetuning,1000,,,,,359.91625851884163,360.1032016895176,363.6369095527286,356.5106001988159,359.91628159577317,1.8886586443611915,362.3926091989636,5.7334842560475625,0.20771152846109997,0.2080949774085875,0.21321457161392193,0.20286319850018564,0.0026640249530607897,0.20744608396105402,0.007322625925237562
jian,artifact_object_clothing,dreambooth_lora,with_finetuning,1000,,,,,240.72057928678663,241.063116761395,246.45475347045178,235.92180738946664,240.72061298469086,2.6428877653762815,244.1029519556396,7.005323623640527,0.06437078892862713,0.0647879204885484,0.06986651534933304,0.06000645020619287,0.0024939324745316795,0.06479628882522866,0.00716778760329752
jian,artifact_object_clothing,textual_inversion,with_baseline,987,21.856099367431593,21.534472152575656,21.702090634401085,2.5225914700299965,367.05680421295284,367.1901490023694,371.2923387135103,363.2545956117431,367.0568290611199,2.0530444599777185,370.3027794621235,6.48934298121735,0.18600292183322642,0.18636042597874516,0.19091353346133794,0.1819311705883451,0.0023801869462693175,0.18630495427725977,0.006986099269419668
jian,artifact_object_clothing,dreambooth_lora,checkpoint_500,100,,,,,323.2269801503104,325.1267248453622,335.99255050099424,314.31884666125757,323.2270085143883,5.599701145550121,,,0.1692474704456548,0.17256946925877997,0.18692113907528762,0.15863512636974708,0.00690409373906548,,
jian,artifact_object_clothing,dreambooth_lora,checkpoint_1000,100,,,,,258.0838152882271,260.6980680601849,275.13814872461535,247.18451086470148,258.0838482013414,7.073205597796621,,,0.09382371321337057,0.09728361839716083,0.11322272255409027,0.08161814860174571,0.008294400774167437,,
jian,artifact_object_clothing,dreambooth_lora,checkpoint_1500,100,,,,,296.77586141428975,299.17643861088646,317.2950644559311,282.43461761287887,296.77589131145487,8.907374914267281,,,0.12426299101866078,0.1281756798965556,0.14617188172105958,0.10917813715466056,0.00939545916840963,,
jian,artifact_object_clothing,dreambooth_lora,checkpoint_2000,100,,,,,265.79191174990905,267.48589600934065,282.2978599264694,252.95956653159627,265.79194222450957,7.502608276182658,,,0.08723657961534625,0.09023485018574968,0.10868893604630131,0.07326872663052672,0.008731940008719383,,
jian,artifact_object_clothing,dreambooth_lora,checkpoint_2500,100,,,,,263.18885105917315,265.62581877288665,281.2936733582397,249.4605511601939,263.1888846111062,8.4348795795903,,,0.08612197822633982,0.08970350459742776,0.10857791978557903,0.07243370087943526,0.009551933715380986,,
lokum,food,dreambooth_lora,without_finetuning,1000,,,,,330.3867592700955,330.659693951344,333.3202165163924,327.89601393391627,330.38678834448024,1.3795320805221354,333.67281908788465,3.523335141911725,0.12086737636311362,0.12123854521398228,0.1251266765088494,0.11768633642687493,0.0019232617496311817,0.12090755767950945,0.007060866229047292
lokum,food,dreambooth_lora,with_finetuning,1000,,,,,228.72551462561103,229.02284378782153,230.47694474965192,227.54547544031,228.72554688136154,0.7509797674734591,232.04636372819806,2.2597686677221267,0.06878582178507875,0.0690139573111664,0.07103584406805828,0.06711965519335927,0.0009968496259858393,0.06949777533307672,0.0030559407678474627
lokum,food,textual_inversion,with_baseline,859,25.23031731281902,24.597321720700602,24.903700075826766,5.049744520081102,291.74228036381476,292.0952832714528,295.93560909812226,288.1343292277159,291.7423199753264,1.959039605824296,295.0237079480107,4.921489479898516,0.0555113732761745,0.055939552185362236,0.05786183609402762,0.054042155317798345,0.0009632237770889346,0.0555152957883305,0.0029149810973943084
lokum,food,dreambooth_lora,checkpoint_500,100,,,,,246.44054932262964,249.0333202154516,256.2612449433243,241.96889426933194,246.44058824790733,3.580218544524297,,,0.03046790745800454,0.033358855662448256,0.03829548570384353,0.02897394341509445,0.002322085605997833,,
lokum,food,dreambooth_lora,checkpoint_1000,100,,,,,229.9563370889078,232.91321053205309,238.15884101687013,227.59358651480454,229.95637520681856,2.6961199400838893,,,0.04751395495423871,0.0499815901932828,0.0569238807186589,0.04382621990591522,0.003370523104089043,,
lokum,food,dreambooth_lora,checkpoint_1500,100,,,,,227.5632664072304,230.4521582969365,235.65067317317673,225.71309591605933,227.56330771966265,2.5320820113122404,,,0.04724500153285627,0.049647513887276305,0.05873782136204773,0.04266316177394337,0.003945824648883785,,
lokum,food,dreambooth_lora,checkpoint_2000,100,,,,,233.42018065206585,236.16327911456293,242.39682628410088,230.59954902519362,233.4202169728509,3.060012470114586,,,0.06550830896678228,0.06761295370042347,0.07718547696583908,0.05917378543298808,0.004449854794018852,,
lokum,food,dreambooth_lora,checkpoint_2500,100,,,,,235.76188190454204,238.183490874852,243.46036128736597,233.5338891620964,235.76191373629894,2.555467767685812,,,0.07432380872525801,0.07626450933092549,0.08356658204917095,0.06916050817489829,0.003689625532435375,,
pacoca,food,dreambooth_lora,without_finetuning,1000,,,,,329.1401013007011,329.2278506197624,331.31075567544224,327.2641900008568,329.1401209303454,1.064199486088794,330.9167345254607,3.3588373117195696,0.21333011911100153,0.21349906502899985,0.21712752067162688,0.20989448950265932,0.0018365908880904915,0.21208560627609976,0.005936850724071351
pacoca,food,dreambooth_lora,with_finetuning,1000,,,,,227.56675981842602,227.77991010510772,231.83469933782007,223.5877976767992,227.5667960149253,2.121199990203874,229.24927447425796,6.297284429145943,0.051740495336783265,0.05201789795809937,0.05603437066117969,0.04798767830166325,0.00209685351596551,0.05016960944959881,0.006660983877563584
pacoca,food,textual_inversion,with_baseline,546,19.009387816046623,18.580655517464592,18.786450085622487,2.51070551208898,361.49633390574564,362.0160360480057,367.46845723254734,356.1439261560491,361.49635817721935,2.8263497776146504,363.8497412190946,6.010026357848318,0.16293516367400063,0.1638280856725788,0.1698609590151882,0.15775493252164394,0.003045943500155872,0.1631918003460092,0.006774969169262172
pacoca,food,dreambooth_lora,checkpoint_500,100,,,,,271.8950087905848,274.68549306488984,288.7212464307742,260.9062028226649,271.8950395405567,7.121237013574729,,,0.10862390756251905,0.11160174635220517,0.135538821395283,0.08888240517924137,0.012277501269862922,,
pacoca,food,dreambooth_lora,checkpoint_1000,100,,,,,259.3057491938092,261.3012883077487,274.8103238865821,247.44089647576362,259.30578346655096,7.074334594782145,,,0.08260220477652336,0.08522205597265964,0.10577791856770553,0.06573470755362386,0.010405555279610252,,
pacoca,food,dreambooth_lora,checkpoint_1500,100,,,,,269.43403961936906,272.04583738510075,285.03805101973677,259.64307578435563,269.43407015799687,6.5178779352513905,,,0.1057970801408934,0.10919209850551251,0.13411404651382627,0.08712988494831983,0.012018275190032136,,
pacoca,food,dreambooth_lora,checkpoint_2000,100,,,,,257.55799811795373,259.6698680319722,273.892322429438,246.70218880877906,257.5580298365772,7.252310017112548,,,0.08737342629436906,0.0900132796100211,0.11362433469947274,0.06965778017000344,0.011457187834624414,,
pacoca,food,dreambooth_lora,checkpoint_2500,100,,,,,223.11097109268172,225.32934399621993,238.60322776421714,212.24995502673548,223.11100551971307,6.897116100734386,,,0.04430228343017495,0.04699036471494392,0.05989195618864394,0.03652312110307131,0.006205640518974968,,
patua,artifact_object_clothing,dreambooth_lora,without_finetuning,1000,,,,,354.6293418929771,354.76268316151464,357.1676726657227,352.26366095936874,354.62936623231366,1.2473560365823935,358.1693153532672,4.419316211351904,0.1649756433489764,0.16529746125221367,0.1693833038704817,0.16103080298530223,0.002094988269657293,0.1654432395758778,0.006478472845886466
patua,artifact_object_clothing,dreambooth_lora,with_finetuning,1000,,,,,220.2534463295819,220.55034657034977,222.41054603964466,218.74681450238327,220.25349019480225,0.9572978852929492,223.88560922846847,3.609415349846429,0.06335150577244342,0.06356297324545557,0.06594103963801504,0.06134231850408629,0.001195157387954908,0.06462350533397374,0.0043550836407393375
patua,artifact_object_clothing,textual_inversion,with_baseline,511,20.16462324906702,19.765608381711804,19.96109765383129,2.351370427375459,343.15824466090703,343.5122638672307,348.20853813367677,338.33369649257435,343.1582763310468,2.505001797968498,348.09109024598564,5.129265590990449,0.11474827872551252,0.11539767500235842,0.11986127336127748,0.11096820846968736,0.002253724449987424,0.11545341490755721,0.00352215944618679
patua,artifact_object_clothing,dreambooth_lora,checkpoint_500,100,,,,,320.57318845891376,323.08416968422,339.1528821959027,308.83898359188845,320.573232336967,7.420454607089778,,,0.0714012804631583,0.07546300179315787,0.0861009901791133,0.06620218396178407,0.005139105522198182,,
patua,artifact_object_clothing,dreambooth_lora,checkpoint_1000,100,,,,,323.38761883731365,325.59391018641065,337.4965872260352,313.9740597169767,323.38765473036995,6.027498345258983,,,0.09237388872465058,0.09576915975526429,0.10735759437915689,0.08475570979615527,0.005729685566069493,,
patua,artifact_object_clothing,dreambooth_lora,checkpoint_1500,100,,,,,257.6633772493186,260.45419620469045,270.8177327382623,250.91010571458025,257.66342582585753,5.016838637069571,,,0.06737834757295325,0.07041375066965651,0.08113044891700874,0.0614867660725381,0.005140062808406316,,
patua,artifact_object_clothing,dreambooth_lora,checkpoint_2000,100,,,,,259.101888872744,261.5618538239334,271.5138055530226,251.92072805215653,259.1019372507925,5.197092747015862,,,0.06507774941954825,0.0683683259882404,0.07787572308193243,0.0602161322734721,0.00443443185986735,,
patua,artifact_object_clothing,dreambooth_lora,checkpoint_2500,100,,,,,228.31662756264467,230.7897544545676,236.74874356098854,225.3597345595125,228.31667793665648,3.0354034018314406,,,0.05589486921654219,0.05819536967438221,0.06486607956883317,0.05242655273977316,0.0031747090798409858,,
saci,folklore_being,dreambooth_lora,without_finetuning,1000,,,,,353.08574712009465,353.34869404273235,357.0004617808666,349.6363833584866,353.08577944094515,1.8605909774064857,358.0739100548067,6.230252662277893,0.1309616431516103,0.13129904469056752,0.13419687535103286,0.12839463636891013,0.0014585665305275545,0.1316863856988387,0.004238675193255335
saci,folklore_being,dreambooth_lora,with_finetuning,1000,,,,,293.723308709138,293.9906671969967,296.2166978609988,291.8436809954057,293.72333949570657,1.1023661329435872,296.30108349637686,2.918324476901865,0.144167074710837,0.1444052134344722,0.14767563333042388,0.14072594149245443,0.0017546943367188171,0.14375772161621747,0.005230891710865412
saci,folklore_being,textual_inversion,with_baseline,885,17.815168443938433,17.23923981180299,17.51152214061069,4.494829919438008,362.36153893558895,362.6118833608858,365.87861213508063,359.50252182473884,362.36157156278443,1.630868786154076,366.2253405067607,4.527885783661442,0.13007871736793541,0.13042509243438902,0.13372118497415994,0.12710246010648785,0.001661845602569847,0.12791859266739652,0.004842189618874957
saci,folklore_being,textual_inversion,without_finetuning_ti,1000,17.920140414237977,17.454227451086044,17.69184822654724,3.743376935061438,352.1718119501713,352.4312856485231,356.23613916234865,348.9334834130617,352.17184459933867,1.8500116807792135,356.5770905055096,6.082052563759141,0.13268732754938783,0.13307656174642518,0.1358075647575696,0.1303801749660958,0.001402003827260681,0.13311604629155027,0.004491341208941125
saci,folklore_being,dreambooth_lora,checkpoint_500,100,,,,,326.9649067478314,329.91165591417973,341.12723176490186,319.25373963088845,326.9649473211002,5.668476133259064,,,0.10011201599614905,0.10432921240054986,0.11731709349766035,0.09192150022689238,0.00655029876169774,,
saci,folklore_being,dreambooth_lora,checkpoint_1000,100,,,,,319.42118023773537,321.51156356106833,328.41060719548386,314.78642821235087,319.42120954577354,3.5220515749847827,,,0.16699044005664065,0.16915968225941014,0.17958988134634693,0.1585108832412161,0.005292224182764262,,
saci,folklore_being,dreambooth_lora,checkpoint_1500,100,,,,,310.6665520695892,313.2126803608631,319.1513103877505,307.4830708048149,310.6665860716955,2.939747145986724,,,0.14315509632073242,0.14547628504770233,0.15909365962345426,0.13267865360030634,0.00685141342072178,,
saci,folklore_being,dreambooth_lora,checkpoint_2000,100,,,,,293.1924752905541,295.22166009041746,301.6004575900501,289.1997174631758,293.1925089303013,3.268078913935756,,,0.1307675590372388,0.13285528150767925,0.14312941906848692,0.12278859122283689,0.0054101132437166365,,
saci,folklore_being,dreambooth_lora,checkpoint_2500,100,,,,,292.8584794063981,295.1622437501945,301.5249129638734,289.10054155370614,292.85851175984953,3.141955238756715,,,0.1288914010324067,0.13135252825995994,0.14345036477723355,0.12042207409977566,0.005899337136416313,,
